{"algorithm":"xxh128","hashes":{"composer.json":"67dac3c656908465614fee502946cfe7","src/IngoSCostTransparency.php":"203be38a6f5c0e9a0d0e460df2a31681","src/Resources/app/storefront/dist/storefront/js/ingo-s-cost-transparency/ingo-s-cost-transparency.js":"4886c49a0bc5d6b05c8c36d29c77ab37","src/Resources/app/storefront/src/ingo-s-cost-transparency/ingo-s-cost-transparency.js":"1bceab3438446f1e9dc91a30dbaf1f09","src/Resources/app/storefront/src/main.js":"c2124e4077104a559dc772aa68081c4c","src/Resources/app/storefront/src/scss/base.scss":"4b4e7356aa025c60cbd461ab3089ef62","src/Resources/app/storefront/src/scss/page/product-detail/product-detail.scss":"03f7f02848b8813cd459f88b03a6faf2","src/Resources/config/config.xml":"2a230b68fc2c8ecf4d2678a2f90a2e4e","src/Resources/config/plugin.png":"9f814efe1afaf63871400894d9631de3","src/Resources/snippet/de_DE/storefront.de-DE.json":"280f60f930315ea6c3f6d48d878d664b","src/Resources/snippet/en_GB/storefront.en-GB.json":"b90c02a1ed5ed61c709535f152e45fd7","src/Resources/views/storefront/element/cms-element-product-description-reviews.html.twig":"8000c50cb1f14244c478a81edfbe27c3","src/Resources/views/storefront/page/product-detail/ingos-cost-transparency-tab.html.twig":"3f0a1fcf85e8793e3332f929923420c3","src/Resources/views/storefront/page/product-detail/tabs.html.twig":"6a12604033629e9d5b962982411f7621"},"version":"1.0.0","extensionVersion":"2.0.1"}